{
	"resources": [
		
		{"name": "bgImage","type": "image","url": "assets/bg.png"},
        {"name": "bgGirl","type": "image","url": "assets/bgGirl.png"},
        {"name": "bghouse1","type": "image","url": "assets/house1.png"},
        {"name": "bghouse2","type": "image","url": "assets/house2.png"},
        {"name": "button1","type": "image","url": "assets/button.png"},
		{"name": "sword","type": "sound","url": "assets/sword3.mp3"},
        {"name": "sword2","type": "sound","url": "assets/sword.mp3"}
		

	],
	"groups": [
		{
			"name": "preload",
			"keys": "bgImage,bgGirl,bghouse1,bghouse2,button1,sword,sword2"
		}
	]
}